Type,Name,Request Count,Failure Count,Median Response Time,Average Response Time,Min Response Time,Max Response Time,Average Content Size,Requests/s,Failures/s,50%,66%,75%,80%,90%,95%,98%,99%,99.9%,99.99%,100%
GET,GET /locations/code/{code},215739,0,120,748.7537969288613,40.28258299877052,22558.501499999693,829.1379630015899,696.6371761000719,0.0,120,240,410,560,1300,4400,9000,12000,16000,20000,23000
,Aggregated,215739,0,120,748.7537969288613,40.28258299877052,22558.501499999693,829.1379630015899,696.6371761000719,0.0,120,240,410,560,1300,4400,9000,12000,16000,20000,23000
