Type,Name,Request Count,Failure Count,Median Response Time,Average Response Time,Min Response Time,Max Response Time,Average Content Size,Requests/s,Failures/s,50%,66%,75%,80%,90%,95%,98%,99%,99.9%,99.99%,100%
GET,GET /forum/posts?userId=X,18748,1377,120,613.9891436806017,38.68677600257797,17739.63841299701,689.977544271389,37.95487808338047,2.7877036014942878,120,360,730,1000,1800,2400,3500,5400,15000,17000,18000
,Aggregated,18748,1377,120,613.9891436806017,38.68677600257797,17739.63841299701,689.977544271389,37.95487808338047,2.7877036014942878,120,360,730,1000,1800,2400,3500,5400,15000,17000,18000
