Type,Name,Request Count,Failure Count,Median Response Time,Average Response Time,Min Response Time,Max Response Time,Average Content Size,Requests/s,Failures/s,50%,66%,75%,80%,90%,95%,98%,99%,99.9%,99.99%,100%
GET,GET /locations,20,0,47,62.699389609042555,44.419042009394616,231.19750001933426,1406.0,0.7162622882953901,0.0,49,52,53,55,120,230,230,230,230,230,230
,Aggregated,20,0,47,62.699389609042555,44.419042009394616,231.19750001933426,1406.0,0.7162622882953901,0.0,49,52,53,55,120,230,230,230,230,230,230
