Type,Name,Request Count,Failure Count,Median Response Time,Average Response Time,Min Response Time,Max Response Time,Average Content Size,Requests/s,Failures/s,50%,66%,75%,80%,90%,95%,98%,99%,99.9%,99.99%,100%
GET,GET /locations/compare,18858,1067,57,607.0814056768986,36.88679198967293,22546.896458021365,1030.0,38.16384053575839,2.159339158535062,57,120,210,330,1200,3600,7300,9900,17000,21000,23000
,Aggregated,18858,1067,57,607.0814056768986,36.88679198967293,22546.896458021365,1030.0,38.16384053575839,2.159339158535062,57,120,210,330,1200,3600,7300,9900,17000,21000,23000
